cid,constituency,district,sno,candidate,party,criminal_cases,education,age,assets,liabilities
1,MEKLIGANJ (SC),COOCHBEHAR,1,Adhikary Paresh Chandra Winner,AITC,0,12th Pass,68,"Rs 2,83,27,987 ~ 2 Crore+","Rs 38,77,281 ~ 38 Lacs+"
100,HABRA,NORTH 24 PARGANAS,3,Jyoti Priya Mallick Winner,AITC,0,Graduate Professional,63,,
101,ASHOKNAGAR,NORTH 24 PARGANAS,4,Narayan Goswami Winner,AITC,3,Graduate,51,"Rs 1,60,27,069 ~ 1 Crore+","Rs 20,22,964 ~ 20 Lacs+"
102,AMDANGA,NORTH 24 PARGANAS,6,Rafiqur Rahaman Winner,AITC,1,Graduate,60,,
103,BIJPUR,NORTH 24 PARGANAS,5,Subodh Adhikary Winner,AITC,5,Graduate,45,"Rs 8,31,22,223 ~ 8 Crore+","Rs 3,08,12,809 ~ 3 Crore+"
104,NAIHATI,NORTH 24 PARGANAS,4,Partha Bhowmick Winner,AITC,1,Post Graduate,57,"Rs 2,59,54,078 ~ 2 Crore+","Rs 63,56,074 ~ 63 Lacs+"
105,BHATPARA,NORTH 24 PARGANAS,6,Pawan Kumar Singh Winner,BJP,12,Graduate,33,,
106,JAGATDAL,NORTH 24 PARGANAS,9,Somenath Shyam Ichini Winner,AITC,6,Graduate,50,,
107,NOAPARA,NORTH 24 PARGANAS,3,Manju Basu Winner,AITC,0,Graduate Professional,68,,
109,BARRACKPUR,NORTH 24 PARGANAS,4,Raju Chakraborty (Raj) Winner,AITC,0,12th Pass,46,"Rs 13,30,02,383 ~ 13 Crore+","Rs 2,16,75,488 ~ 2 Crore+"
11,DHUPGURI (SC),JALPAIGURI,2,Bishnu Pada Ray Winner,BJP,1,10th Pass,58,"Rs 1,56,02,876 ~ 1 Crore+",Rs 0 ~
110,KHARDAHA,NORTH 24 PARGANAS,3,Kajal Sinha Winner,AITC,1,12th Pass,59,,
111,DUM DUM UTTAR,NORTH 24 PARGANAS,1,Chandrima Bhattacharya Winner,AITC,0,Graduate Professional,66,"Rs 60,88,968 ~ 60 Lacs+",Rs 0 ~
112,PANIHATI,NORTH 24 PARGANAS,4,Nirmal Ghosh Winner,AITC,0,Graduate,72,"Rs 1,12,94,893 ~ 1 Crore+",Rs 0 ~
113,KAMARHATI,NORTH 24 PARGANAS,5,Madan Mitra Winner,AITC,6,Graduate,66,"Rs 2,76,19,847 ~ 2 Crore+","Rs 16,63,237 ~ 16 Lacs+"
114,BARANAGAR,NORTH 24 PARGANAS,6,Tapas Roy Winner,AITC,0,Graduate Professional,65,,
115,DUM DUM,NORTH 24 PARGANAS,2,Brtyabrata Basu Winner,AITC,0,Post Graduate,52,"Rs 3,08,04,856 ~ 3 Crore+",Rs 0 ~
116,RAJARHAT NEW TOWN,NORTH 24 PARGANAS,6,Tapash Chatterjee Winner,AITC,2,Graduate,59,,
117,BIDHANNAGAR,NORTH 24 PARGANAS,8,Sujit Bose Winner,AITC,0,10th Pass,58,"Rs 6,58,08,021 ~ 6 Crore+","Rs 1,61,09,098 ~ 1 Crore+"
118,RAJARHAT GOPALPUR,NORTH 24 PARGANAS,1,Aditi Munshi Winner,AITC,0,Post Graduate,32,"Rs 99,24,104 ~ 99 Lacs+","Rs 12,42,028 ~ 12 Lacs+"
119,MADHYAMGRAM,NORTH 24 PARGANAS,5,Rathin Ghosh Winner,AITC,0,12th Pass,63,"Rs 55,19,581 ~ 55 Lacs+","Rs 4,17,060 ~ 4 Lacs+"
12,MAYNAGURI (SC),JALPAIGURI,5,Kaushik Roy Winner,BJP,4,12th Pass,37,"Rs 42,01,141 ~ 42 Lacs+","Rs 3,89,779 ~ 3 Lacs+"
120,BARASAT,NORTH 24 PARGANAS,2,Chiranjeet Chakrabarti Winner,AITC,0,12th Pass,70,"Rs 5,80,20,135 ~ 5 Crore+","Rs 8,57,385 ~ 8 Lacs+"
121,DEGANGA,NORTH 24 PARGANAS,5,Rahima Mondal Winner,AITC,0,10th Pass,51,"Rs 67,65,714 ~ 67 Lacs+",Rs 0 ~
122,HAROA,NORTH 24 PARGANAS,3,Islam Sk Nurul (Haji) Winner,AITC,0,12th Pass,57,,
13,JALPAIGURI (SC),JALPAIGURI,1,Dr. Pradip Kumar Barma Winner,AITC,1,Graduate Professional,66,"Rs 2,86,61,907 ~ 2 Crore+","Rs 18,47,000 ~ 18 Lacs+"
139,MINAKHAN (SC),NORTH 24 PARGANAS,3,Usha Rani Mondal Winner,AITC,0,8th Pass,47,,
14,RAJGANJ (SC),JALPAIGURI,2,Khageswar Roy Winner,AITC,1,12th Pass,69,"Rs 63,63,026 ~ 63 Lacs+","Rs 8,20,178 ~ 8 Lacs+"
140,SANDESHKHALI (ST),NORTH 24 PARGANAS,6,Sukumar Mahata Winner,AITC,1,Post Graduate,44,,
141,BASIRHAT DAKSHIN,NORTH 24 PARGANAS,5,Dr. Saptarshi Banerjee Winner,AITC,0,Post Graduate,40,"Rs 6,71,80,280 ~ 6 Crore+","Rs 10,33,081 ~ 10 Lacs+"
142,BASIRHAT UTTAR,NORTH 24 PARGANAS,4,Rafikul Islam Mondal Winner,AITC,2,Post Graduate,61,"Rs 1,21,92,432 ~ 1 Crore+",Rs 0 ~
143,HINGALGANJ (SC),NORTH 24 PARGANAS,1,Debes Mandal Winner,AITC,0,Graduate,56,"Rs 49,25,291 ~ 49 Lacs+","Rs 8,60,000 ~ 8 Lacs+"
144,GOSABA (SC),SOUTH 24 PARGANAS,4,Jayanta Naskar Winner,AITC,1,8th Pass,73,"Rs 2,11,11,705 ~ 2 Crore+",Rs 0 ~
145,BASANTI (SC),SOUTH 24 PARGANAS,5,Shyamal Mondal Winner,AITC,0,Graduate,56,"Rs 70,57,592 ~ 70 Lacs+","Rs 3,70,230 ~ 3 Lacs+"
146,KULTALI (SC),SOUTH 24 PARGANAS,2,Ganesh Chandra Mondal Winner,AITC,0,Graduate,40,"Rs 6,33,01,383 ~ 6 Crore+","Rs 1,23,92,528 ~ 1 Crore+"
147,PATHARPRATIMA,SOUTH 24 PARGANAS,3,Samir Kumar Jana Winner,AITC,2,Post Graduate,71,,
148,KAKDWIP,SOUTH 24 PARGANAS,4,Manturam Pakhira Winner,AITC,2,10th Pass,57,"Rs 67,07,089 ~ 67 Lacs+",Rs 0 ~
149,SAGAR,SOUTH 24 PARGANAS,1,Bankim Chandra Hazra Winner,AITC,0,Post Graduate,71,"Rs 90,90,193 ~ 90 Lacs+",Rs 0 ~
15,DABGRAM-FULBARI,JALPAIGURI,9,Sikha Chatterjee Winner,BJP,6,12th Pass,68,,
150,KULPI,SOUTH 24 PARGANAS,1,Jogaranjan Halder Winner,AITC,0,Graduate Professional,67,"Rs 1,29,90,857 ~ 1 Crore+","Rs 1,15,643 ~ 1 Lacs+"
151,RAIDIGHI,SOUTH 24 PARGANAS,1,Aloke Jaldata Winner,AITC,1,Graduate Professional,54,"Rs 3,35,22,682 ~ 3 Crore+","Rs 74,83,333 ~ 74 Lacs+"
152,MANDIRBAZAR (SC),SOUTH 24 PARGANAS,2,Joydeb Halder Winner,AITC,2,10th Pass,45,"Rs 35,85,560 ~ 35 Lacs+",Rs 0 ~
153,JAYNAGAR (SC),SOUTH 24 PARGANAS,3,Biswanath Das Winner,AITC,0,Post Graduate,55,,
154,BARUIPUR PURBA (SC),SOUTH 24 PARGANAS,1,Bivas Sardar (Vobo) Winner,AITC,1,12th Pass,45,"Rs 76,92,159 ~ 76 Lacs+","Rs 24,38,000 ~ 24 Lacs+"
155,CANNING PASCHIM (SC),SOUTH 24 PARGANAS,6,Paresh Ram Das Winner,AITC,9,12th Pass,43,,
156,CANNING PURBA,SOUTH 24 PARGANAS,5,Saokat Molla Winner,AITC,0,Graduate,49,"Rs 3,06,52,188 ~ 3 Crore+","Rs 48,40,418 ~ 48 Lacs+"
157,BARUIPUR PASCHIM,SOUTH 24 PARGANAS,3,Biman Banerjee Winner,AITC,0,Post Graduate,72,,
159,MAGRAHAT PURBA (SC),SOUTH 24 PARGANAS,4,Namita Saha Winner,AITC,0,Graduate Professional,68,"Rs 42,86,392 ~ 42 Lacs+",Rs 0 ~
16,MAL (ST),JALPAIGURI,2,Bulu Chik Baraik Winner,AITC,0,8th Pass,61,"Rs 5,75,763 ~ 5 Lacs+",Rs 0 ~
160,MAGRAHAT PASCHIM,SOUTH 24 PARGANAS,3,Gias Uddin Molla Winner,AITC,0,8th Pass,64,,
161,DIAMOND HARBOUR,SOUTH 24 PARGANAS,7,Pannalal Halder Winner,AITC,0,Graduate Professional,70,"Rs 5,94,50,472 ~ 5 Crore+",Rs 0 ~
162,FALTA,SOUTH 24 PARGANAS,8,Sankar Kumar Naskar Winner,AITC,0,8th Pass,68,"Rs 1,64,30,004 ~ 1 Crore+",Rs 0 ~
163,SATGACHHIA,SOUTH 24 PARGANAS,4,Mohan Chandra Naskar Winner,AITC,0,Graduate,60,"Rs 25,23,517 ~ 25 Lacs+",Rs 0 ~
164,BISHNUPUR (SC),SOUTH 24 PARGANAS,2,Dilip Mondal Winner,AITC,1,12th Pass,54,"Rs 1,59,03,820 ~ 1 Crore+","Rs 55,05,267 ~ 55 Lacs+"
165,SONARPUR DAKSHIN,SOUTH 24 PARGANAS,3,Arundhuti Maitra (Lovely) Winner,AITC,0,Graduate,30,,
166,BHANGAR,SOUTH 24 PARGANAS,3,Md. Nawsad Siddique Winner,Rashtriya Secular Majlis Party,0,Post Graduate,28,,
167,KASBA,SOUTH 24 PARGANAS,1,Ahmed Javed Khan Winner,AITC,1,Graduate,64,"Rs 32,33,01,926 ~ 32 Crore+","Rs 41,51,01,490 ~ 41 Crore+"
168,JADAVPUR,SOUTH 24 PARGANAS,3,Debabrata Majumdar (Malay) Winner,AITC,0,Graduate Professional,56,,
169,SONARPUR UTTAR,SOUTH 24 PARGANAS,4,Firdousi Begum Winner,AITC,0,12th Pass,42,"Rs 6,66,67,778 ~ 6 Crore+","Rs 2,96,050 ~ 2 Lacs+"
17,NAGRAKATA (ST),JALPAIGURI,4,Puna Bhengra Winner,BJP,1,10th Pass,46,"Rs 13,25,061 ~ 13 Lacs+",Rs 0 ~
170,TOLLYGANJ,SOUTH 24 PARGANAS,2,Aroop Biswas Winner,AITC,0,Graduate,57,"Rs 1,15,88,610 ~ 1 Crore+",Rs 0 ~
171,BEHALA PURBA,SOUTH 24 PARGANAS,7,Ratna Chatterjee Winner,AITC,5,Graduate,49,"Rs 12,81,38,795 ~ 12 Crore+","Rs 6,66,30,530 ~ 6 Crore+"
172,BEHALA PASCHIM,SOUTH 24 PARGANAS,5,Partha Chatterjee Winner,AITC,0,Doctorate,68,"Rs 1,15,94,863 ~ 1 Crore+",Rs 0 ~
174,MAHESHTALA,SOUTH 24 PARGANAS,2,Dulal Chandra Das Winner,AITC,0,8th Pass,76,"Rs 13,73,22,155 ~ 13 Crore+","Rs 2,11,59,750 ~ 2 Crore+"
175,BUDGE BUDGE,SOUTH 24 PARGANAS,1,Ashok Kumar Deb Winner,AITC,1,Graduate Professional,71,"Rs 23,81,783 ~ 23 Lacs+",Rs 0 ~
176,METIABURUZ,SOUTH 24 PARGANAS,1,Abdul Khaleque Molla Winner,AITC,2,10th Pass,76,"Rs 83,45,642 ~ 83 Lacs+","Rs 2,29,810 ~ 2 Lacs+"
177,BHABANIPUR,KOLKATA SOUTH,9,Sobhandeb Chattopadhyay Winner,AITC,0,Graduate Professional,77,,
178,KOLKATA PORT,KOLKATA SOUTH,3,Firhad Hakim Winner,AITC,1,Graduate,62,,
179,RASHBEHARI,KOLKATA SOUTH,3,Debasish Kumar Winner,AITC,0,12th Pass,61,,
18,DARJEELING,DARJEELING,6,Neeraj Tamang Zimba Winner,BJP,8,Post Graduate,39,,
180,BALLYGUNGE,KOLKATA SOUTH,10,Subrata Mukherjee Winner,AITC,2,Post Graduate,74,"Rs 1,50,76,361 ~ 1 Crore+",Rs 0 ~
181,CHOWRANGEE,KOLKATA NORTH,4,Bandyopadhyay Nayna Winner,AITC,2,12th Pass,52,"Rs 7,00,15,752 ~ 7 Crore+","Rs 1,33,300 ~ 1 Lacs+"
182,ENTALLY,KOLKATA NORTH,14,Swarna Kamal Saha Winner,AITC,0,Graduate Professional,72,"Rs 10,51,94,928 ~ 10 Crore+",Rs 0 ~
183,BELEGHATA,KOLKATA NORTH,7,Paresh Paul Winner,AITC,3,Graduate,75,"Rs 4,31,03,515 ~ 4 Crore+",Rs 0 ~
184,JORASANKO,KOLKATA NORTH,10,Vivek Gupta Winner,AITC,0,Graduate,45,"Rs 31,99,43,060 ~ 31 Crore+",Rs 0 ~
185,SHYAMPUKUR,KOLKATA NORTH,4,Dr. Shashi Panja Winner,AITC,0,Graduate Professional,58,"Rs 7,33,51,264 ~ 7 Crore+",Rs 0 ~
186,MANIKTALA,KOLKATA NORTH,7,Sadhan Pande Winner,AITC,0,Graduate Professional,70,"Rs 5,86,68,291 ~ 5 Crore+",Rs 0 ~
187,KASHIPUR-BELGACHHIA,KOLKATA NORTH,1,Atin Ghosh Winner,AITC,1,Graduate,62,"Rs 2,99,48,349 ~ 2 Crore+","Rs 19,64,606 ~ 19 Lacs+"
188,BALLY,HOWRAH,9,Rana Chatterjee Winner,AITC,0,Graduate Professional,48,,
189,HOWRAH UTTAR,HOWRAH,4,Gautam Chowdhuri Winner,AITC,4,12th Pass,48,"Rs 1,23,49,661 ~ 1 Crore+",Rs 0 ~
19,KURSEONG,DARJEELING,3,Bishnu Prasad Sharma Winner,BJP,7,10th Pass,52,,
190,HOWRAH MADHYA,HOWRAH,2,Arup Roy Winner,AITC,0,Graduate Professional,65,"Rs 3,02,85,927 ~ 3 Crore+","Rs 29,61,801 ~ 29 Lacs+"
191,SHIBPUR,HOWRAH,6,Manoj Tiwary Winner,AITC,0,8th Pass,35,,
192,HOWRAH DAKSHIN,HOWRAH,3,Nandita Chowdhury Winner,AITC,0,12th Pass,60,,
193,SANKRAIL (SC),HOWRAH,3,Priya Paul Winner,AITC,0,Post Graduate,50,,
194,PANCHLA,HOWRAH,3,Gulsan Mullick Winner,AITC,0,12th Pass,63,,
195,ULUBERIA PURBA,HOWRAH,3,Bidesh Ranjan Bose Winner,AITC,0,Graduate,68,,
196,ULUBERIA UTTAR (SC),HOWRAH,4,Dr. Nirmal Maji Winner,AITC,2,Post Graduate,60,"Rs 84,35,790 ~ 84 Lacs+","Rs 3,81,835 ~ 3 Lacs+"
197,ULUBERIA DAKSHIN,HOWRAH,4,Pulak Roy Winner,AITC,0,Graduate,55,"Rs 2,97,05,081 ~ 2 Crore+","Rs 43,90,702 ~ 43 Lacs+"
198,SHYAMPUR,HOWRAH,2,Kalipada Mandal Winner,AITC,0,Graduate Professional,76,"Rs 83,83,967 ~ 83 Lacs+",Rs 0 ~
199,BAGNAN,HOWRAH,2,Arunava Sen (Raja) Winner,AITC,1,12th Pass,45,"Rs 66,96,240 ~ 66 Lacs+",Rs 0 ~
2,MATHABHANGA (SC),COOCHBEHAR,8,Sushil Barman Winner,BJP,2,Graduate,53,"Rs 10,12,680 ~ 10 Lacs+",Rs 0 ~
20,MATIGARA-NAXALBARI (SC),DARJEELING,1,Anandamay Barman Winner,BJP,1,Post Graduate,38,"Rs 1,16,85,645 ~ 1 Crore+","Rs 10,00,000 ~ 10 Lacs+"
200,AMTA,HOWRAH,7,Sukanta Kumar Paul Winner,AITC,0,Post Graduate,41,"Rs 19,39,357 ~ 19 Lacs+",Rs 0 ~
201,UDAYNARAYANPUR,HOWRAH,3,Samir Kumar Panja Winner,AITC,0,Graduate Professional,55,,
203,JAGATBALLAVPUR,HOWRAH,4,Sitanath Ghosh Winner,AITC,0,12th Pass,67,"Rs 2,39,11,229 ~ 2 Crore+",Rs 0 ~
204,DOMJUR,HOWRAH,1,Kalyan Ghosh Winner,AITC,2,12th Pass,60,"Rs 5,04,79,458 ~ 5 Crore+","Rs 13,00,000 ~ 13 Lacs+"
205,UTTARPARA,HOOGHLY,1,Kanchan Mullick Winner,AITC,0,Graduate,50,"Rs 1,02,19,205 ~ 1 Crore+","Rs 1,86,956 ~ 1 Lacs+"
206,SREERAMPUR,HOOGHLY,3,Dr. Sudipto Roy Winner,AITC,0,Post Graduate,72,,
207,CHAMPDANI,HOOGHLY,4,Arindam Guin (Bubai) Winner,AITC,0,Graduate,44,"Rs 1,42,18,012 ~ 1 Crore+","Rs 14,47,189 ~ 14 Lacs+"
208,SINGUR,HOOGHLY,1,Becharam Manna Winner,AITC,1,10th Pass,50,"Rs 2,12,18,659 ~ 2 Crore+","Rs 13,68,413 ~ 13 Lacs+"
209,CHANDANNAGAR,HOOGHLY,3,Indranil Sen Winner,AITC,0,12th Pass,55,,
21,SILIGURI,DARJEELING,10,Sankar Ghosh Winner,BJP,2,Doctorate,48,"Rs 1,54,33,178 ~ 1 Crore+","Rs 28,39,918 ~ 28 Lacs+"
210,CHUNCHURA,HOOGHLY,3,Asit Mazumder (Tapan) Winner,AITC,1,Graduate Professional,63,,
211,BALAGARH (SC),HOOGHLY,2,Manoranjan Bapari Winner,AITC,2,Illiterate,55,"Rs 14,89,175 ~ 14 Lacs+",Rs 0 ~
212,PANDUA,HOOGHLY,3,Dr. Ratna De Nag Winner,AITC,0,Graduate Professional,71,,
213,SAPTAGRAM,HOOGHLY,7,Tapan Dasgupta Winner,AITC,0,Graduate,65,"Rs 1,19,81,324 ~ 1 Crore+","Rs 4,01,531 ~ 4 Lacs+"
214,CHANDITALA,HOOGHLY,5,Swati Khandoker Winner,AITC,0,12th Pass,48,"Rs 60,79,297 ~ 60 Lacs+","Rs 10,50,000 ~ 10 Lacs+"
215,JANGIPARA,HOOGHLY,6,Snehasis Chakraborty Winner,AITC,1,Post Graduate,51,,
216,HARIPAL,HOOGHLY,2,Dr. Karabi Manna Winner,AITC,0,Others,46,"Rs 2,11,04,407 ~ 2 Crore+","Rs 13,68,413 ~ 13 Lacs+"
217,DHANEKHALI (SC),HOOGHLY,2,Asima Patra Winner,AITC,0,12th Pass,53,"Rs 84,60,657 ~ 84 Lacs+",Rs 0 ~
218,TARAKESWAR,HOOGHLY,1,Ramendu Sinharay Winner,AITC,4,Graduate,54,"Rs 3,49,64,190 ~ 3 Crore+","Rs 9,28,525 ~ 9 Lacs+"
22,PHANSIDEWA (ST),DARJEELING,4,Durga Murmu Winner,BJP,0,12th Pass,42,"Rs 1,17,03,526 ~ 1 Crore+",Rs 0 ~
220,PURSURAH,HOOGHLY,1,Biman Ghosh Winner,BJP,2,Graduate,36,"Rs 2,10,379 ~ 2 Lacs+",Rs 0 ~
221,ARAMBAG (SC),HOOGHLY,2,Madhusudan Bag Winner,BJP,1,Post Graduate,49,"Rs 49,51,884 ~ 49 Lacs+","Rs 20,43,796 ~ 20 Lacs+"
222,GOGHAT (SC),HOOGHLY,1,Biswanath Karak Winner,BJP,8,12th Pass,60,"Rs 25,32,687 ~ 25 Lacs+",Rs 0 ~
223,KHANAKUL,HOOGHLY,6,Susanta Ghosh Winner,BJP,2,10th Pass,32,,
224,TAMLUK,PURBO MEDINIPUR,6,Saumen Kumar Mahapatra Winner,AITC,3,Doctorate,65,,
225,PANSKURA PURBA,PURBO MEDINIPUR,2,Biplab Roy Chowdhury Winner,AITC,0,12th Pass,74,"Rs 35,81,403 ~ 35 Lacs+",Rs 0 ~
226,PANSKURA PASCHIM,PURBO MEDINIPUR,3,Phiroja Bibi Winner,AITC,2,8th Pass,70,,
227,MOYNA,PURBO MEDINIPUR,1,Ashoke Dinda Winner,BJP,0,Graduate,35,"Rs 7,50,63,577 ~ 7 Crore+","Rs 1,88,65,905 ~ 1 Crore+"
228,NANDAKUMAR,PURBO MEDINIPUR,5,Sukumar De Winner,AITC,0,Graduate,60,"Rs 14,28,598 ~ 14 Lacs+",Rs 0 ~
229,MAHISHADAL,PURBO MEDINIPUR,6,Tilak Kumar Chakraborty Winner,AITC,2,Graduate,55,,
23,CHOPRA,UTTAR DINAJPUR,3,Hamidul Rahaman Winner,AITC,3,12th Pass,61,,
230,HALDIA (SC),PURBO MEDINIPUR,5,Tapasi Mondal Winner,BJP,0,10th Pass,49,"Rs 81,10,430 ~ 81 Lacs+",Rs 0 ~
231,NANDIGRAM,PURBO MEDINIPUR,1,Adhikari Suvendu Winner,BJP,1,Post Graduate,50,"Rs 1,05,52,749 ~ 1 Crore+",Rs 0 ~
232,CHANDIPUR,PURBO MEDINIPUR,6,Soham Chakraborty Winner,AITC,0,Graduate,37,,
233,PATASHPUR,PURBO MEDINIPUR,4,Uttam Barik Winner,AITC,4,12th Pass,46,"Rs 43,32,026 ~ 43 Lacs+",Rs 0 ~
234,KANTHI UTTAR,PURBO MEDINIPUR,6,Sumita Sinha Winner,BJP,0,Graduate,53,,
235,BHAGABANPUR,PURBO MEDINIPUR,3,Rabindra Nath Maity Winner,BJP,1,12th Pass,50,,
236,KHEJURI (SC),PURBO MEDINIPUR,3,Santanu Pramanik Winner,BJP,0,Post Graduate,36,,
237,KANTHI DAKSHIN,PURBO MEDINIPUR,2,Arup Kumar Das Winner,BJP,0,Post Graduate,63,"Rs 1,03,12,786 ~ 1 Crore+",Rs 0 ~
239,RAMNAGAR,PURBO MEDINIPUR,1,Akhil Giri Winner,AITC,1,12th Pass,62,"Rs 70,91,258 ~ 70 Lacs+",Rs 0 ~
24,ISLAMPUR,UTTAR DINAJPUR,1,Abdul Karim Chowdhary Winner,AITC,4,12th Pass,75,"Rs 1,12,17,478 ~ 1 Crore+","Rs 14,51,895 ~ 14 Lacs+"
240,EGRA,PURBO MEDINIPUR,4,Tarun Kumar Maity Winner,AITC,0,Post Graduate,53,"Rs 85,82,414 ~ 85 Lacs+","Rs 55,50,786 ~ 55 Lacs+"
241,DANTAN,PASCHIM MEDINIPUR,1,Bikram Chandra Pradhan Winner,AITC,2,12th Pass,67,"Rs 16,91,439 ~ 16 Lacs+","Rs 1,01,437 ~ 1 Lacs+"
242,KESHIARY (ST),PASCHIM MEDINIPUR,4,Paresh Murmu Winner,AITC,0,Graduate,52,"Rs 40,10,329 ~ 40 Lacs+",Rs 0 ~
243,KHARAGPUR SADAR,PASCHIM MEDINIPUR,2,Hiranmoy Chattopadhyaya Winner,BJP,2,Graduate,45,"Rs 4,37,10,836 ~ 4 Crore+","Rs 60,93,221 ~ 60 Lacs+"
244,NARAYANGARH,PASCHIM MEDINIPUR,1,Atta Surja Kanta Winner,AITC,0,Post Graduate,57,"Rs 1,22,80,040 ~ 1 Crore+","Rs 40,00,000 ~ 40 Lacs+"
245,SABANG,PASCHIM MEDINIPUR,5,Manas Ranjan Bhunia Winner,AITC,0,Graduate Professional,68,"Rs 7,34,94,125 ~ 7 Crore+","Rs 26,00,000 ~ 26 Lacs+"
246,PINGLA,PASCHIM MEDINIPUR,1,Ajit Maity Winner,AITC,1,12th Pass,67,"Rs 85,75,000 ~ 85 Lacs+",Rs 0 ~
247,KHARAGPUR,PASCHIM MEDINIPUR,2,Dinen Roy Winner,AITC,13,12th Pass,65,"Rs 3,70,19,486 ~ 3 Crore+",Rs 0 ~
248,DEBRA,PASCHIM MEDINIPUR,3,Humayun Kabir Winner,AITC,0,Doctorate,59,,
249,DASPUR,PASCHIM MEDINIPUR,3,Mamata Bhunia Winner,AITC,0,10th Pass,59,,
25,GOALPOKHAR,UTTAR DINAJPUR,2,Md. Ghulam Rabbani Winner,AITC,3,Post Graduate,51,"Rs 1,45,30,536 ~ 1 Crore+","Rs 41,46,012 ~ 41 Lacs+"
250,GHATAL (SC),PASCHIM MEDINIPUR,4,Sital Kapat Winner,BJP,1,12th Pass,31,"Rs 4,09,916 ~ 4 Lacs+",Rs 0 ~
251,CHANDRAKONA (SC),PASCHIM MEDINIPUR,2,Arup Dhara Winner,AITC,0,Graduate,40,"Rs 70,39,412 ~ 70 Lacs+","Rs 15,27,905 ~ 15 Lacs+"
252,GARBETA,PASCHIM MEDINIPUR,5,Uttara Singha Hazra Winner,AITC,1,Graduate,56,"Rs 1,77,10,285 ~ 1 Crore+","Rs 63,48,523 ~ 63 Lacs+"
253,SALBONI,PASCHIM MEDINIPUR,9,Srikanta Mahata Winner,AITC,3,Graduate,45,,
254,KESHPUR (SC),PASCHIM MEDINIPUR,3,Seuli Saha Winner,AITC,0,Graduate Professional,51,,
256,MEDINIPUR,PASCHIM MEDINIPUR,3,June Maliah Winner,AITC,0,12th Pass,50,,
257,BANDWAN (ST),PURULIA,3,Rajib Lochan Saren Winner,AITC,0,Graduate Professional,47,,
258,BALARAMPUR,PURULIA,3,Baneswar Mahato Winner,BJP,3,12th Pass,48,,
259,BAGHMUNDI,PURULIA,6,Sushanta Mahato Winner,AITC,0,Post Graduate,39,,
26,CHAKULIA,UTTAR DINAJPUR,2,Azad Minhajul Arfin Winner,AITC,0,Graduate,49,"Rs 22,70,837 ~ 22 Lacs+","Rs 12,41,300 ~ 12 Lacs+"
260,JOYPUR,PURULIA,7,Nara Hari Mahato Winner,BJP,3,Post Graduate,65,"Rs 1,17,27,000 ~ 1 Crore+","Rs 2,00,000 ~ 2 Lacs+"
261,PURULIA,PURULIA,9,Sudip Kumar Mukherjee Winner,BJP,3,8th Pass,51,,
262,MANBAZAR (ST),PURULIA,3,Sandhyarani Tudu Winner,AITC,0,10th Pass,50,,
263,KASHIPUR,PURULIA,2,Kamalakanta Hansda Winner,BJP,0,Post Graduate,47,"Rs 45,02,009 ~ 45 Lacs+","Rs 13,00,000 ~ 13 Lacs+"
264,PARA (SC),PURULIA,3,Nadiar Chand Bouri Winner,BJP,0,12th Pass,43,,
265,RAGHUNATHPUR (SC),PURULIA,7,Vivekananda Bauri Winner,BJP,0,Graduate Professional,44,"Rs 20,30,856 ~ 20 Lacs+",Rs 0 ~
266,SALTORA (SC),BANKURA,2,Chandana Bauri Winner,BJP,0,10th Pass,30,"Rs 62,296 ~ 62 Thou+",Rs 0 ~
267,CHHATNA,BANKURA,8,Satyanarayan Mukhopadhyay Winner,BJP,0,Graduate Professional,51,"Rs 27,45,685 ~ 27 Lacs+","Rs 4,00,000 ~ 4 Lacs+"
268,RANIBANDH (ST),BANKURA,5,Jyotsna Mandi Winner,AITC,0,Others,35,"Rs 41,01,144 ~ 41 Lacs+","Rs 2,34,000 ~ 2 Lacs+"
269,RAIPUR (ST),BANKURA,2,Mrityunjoy Murmu Winner,AITC,0,10th Pass,47,"Rs 10,18,005 ~ 10 Lacs+",Rs 0 ~
27,KARANDIGHI,UTTAR DINAJPUR,5,Goutam Paul Winner,AITC,3,12th Pass,42,"Rs 1,40,00,281 ~ 1 Crore+",Rs 0 ~
270,TALDANGRA,BANKURA,1,Arup Chakraborty Winner,AITC,0,Graduate Professional,65,"Rs 8,82,51,416 ~ 8 Crore+","Rs 3,98,58,383 ~ 3 Crore+"
271,BANKURA,BANKURA,5,Niladri Sekhar Dana Winner,BJP,0,12th Pass,54,"Rs 1,90,01,000 ~ 1 Crore+",Rs 0 ~
272,BARJORA,BANKURA,1,Alok Mukherjee Winner,AITC,0,10th Pass,61,"Rs 19,92,033 ~ 19 Lacs+",Rs 0 ~
273,ONDA,BANKURA,2,Amarnath Shakha Winner,BJP,6,10th Pass,56,"Rs 65,81,000 ~ 65 Lacs+","Rs 1,00,000 ~ 1 Lacs+"
274,BISHNUPUR,BANKURA,6,Tanmay Ghosh (Bumba) Winner,BJP,0,Graduate,42,,
275,KATULPUR (SC),BANKURA,2,Harakali Protiher Winner,BJP,0,Post Graduate,40,"Rs 66,41,745 ~ 66 Lacs+","Rs 35,00,000 ~ 35 Lacs+"
276,INDUS (SC),BANKURA,2,Nirmal Kumar Dhara Winner,BJP,0,Post Graduate,39,"Rs 1,700 ~ 1 Thou+",Rs 0 ~
277,SONAMUKHI (SC),BANKURA,4,Dibakar Gharami Winner,BJP,0,8th Pass,43,"Rs 4,97,000 ~ 4 Lacs+",Rs 0 ~
279,KHANDAGHOSH (SC),PURBA BARDHAMAN,4,Nabin Chandra Bag Winner,AITC,1,Post Graduate,45,"Rs 30,09,000 ~ 30 Lacs+",Rs 0 ~
28,HEMTABAD (SC),UTTAR DINAJPUR,8,Satyajit Barman Winner,AITC,1,Post Graduate,40,"Rs 3,24,43,993 ~ 3 Crore+","Rs 80,79,942 ~ 80 Lacs+"
280,BARDHAMAN DAKSHIN,PURBA BARDHAMAN,3,Khokan Das Winner,AITC,9,10th Pass,54,,
281,RAINA (SC),PURBA BARDHAMAN,5,Shampa Dhara Winner,AITC,0,Graduate,29,"Rs 3,45,778 ~ 3 Lacs+",Rs 0 ~
282,JAMALPUR (SC),PURBA BARDHAMAN,1,Alok Kumar Majhi Winner,AITC,5,Graduate,38,"Rs 17,45,440 ~ 17 Lacs+",Rs 0 ~
283,MONTESWAR,PURBA BARDHAMAN,3,Chowdhury Siddiqullah Winner,AITC,0,Post Graduate,71,,
284,KALNA (SC),PURBA BARDHAMAN,2,Deboprasad Bag (Poltu) Winner,AITC,2,10th Pass,44,"Rs 2,10,49,240 ~ 2 Crore+","Rs 14,77,487 ~ 14 Lacs+"
285,MEMARI,PURBA BARDHAMAN,3,Madhusudan Bhattacharya Winner,AITC,2,Post Graduate,71,,
286,BARDHAMAN UTTAR (SC),PURBA BARDHAMAN,2,Nisith Kumar Malik Winner,AITC,4,10th Pass,52,"Rs 26,36,922 ~ 26 Lacs+","Rs 7,44,838 ~ 7 Lacs+"
287,BHATAR,PURBA BARDHAMAN,1,Adhikari Mangobinda Winner,AITC,11,12th Pass,66,"Rs 41,17,247 ~ 41 Lacs+","Rs 90,000 ~ 90 Thou+"
288,PURBASTHALI DAKSHIN,PURBA BARDHAMAN,5,Swapan Debnath Winner,AITC,1,Post Graduate,70,"Rs 96,82,873 ~ 96 Lacs+",Rs 0 ~
289,PURBASTHALI UTTAR,PURBA BARDHAMAN,6,Tapan Chatterjee Winner,AITC,3,12th Pass,66,,
29,KALIAGANJ (SC),UTTAR DINAJPUR,7,Soumen Roy Winner,BJP,3,Graduate,45,"Rs 59,17,259 ~ 59 Lacs+","Rs 4,93,775 ~ 4 Lacs+"
290,KATWA,PURBA BARDHAMAN,4,Rabindranath Chatterjee Winner,AITC,0,Graduate,71,"Rs 2,64,05,622 ~ 2 Crore+",Rs 0 ~
291,KETUGRAM,PURBA BARDHAMAN,5,Sekh Sahonawez Winner,AITC,6,12th Pass,62,"Rs 1,38,35,826 ~ 1 Crore+",Rs 0 ~
292,MONGALKOTE,PURBA BARDHAMAN,2,Apurba Chowdhury (Achal) Winner,AITC,0,10th Pass,55,"Rs 47,68,787 ~ 47 Lacs+",Rs 0 ~
294,AUSGRAM (SC),PURBA BARDHAMAN,1,Abhedananda Thander Winner,AITC,0,10th Pass,58,"Rs 59,55,039 ~ 59 Lacs+",Rs 0 ~
3,COOCHBEHAR DAKSHIN,COOCHBEHAR,8,Nikhil Ranjan Dey Winner,BJP,4,12th Pass,63,"Rs 9,73,786 ~ 9 Lacs+","Rs 3,75,000 ~ 3 Lacs+"
30,RAIGANJ,UTTAR DINAJPUR,7,Krishna Kalyani Winner,BJP,0,Graduate,42,"Rs 5,84,29,269 ~ 5 Crore+","Rs 88,57,800 ~ 88 Lacs+"
31,ITAHAR,UTTAR DINAJPUR,6,Mosaraf Hussen Winner,AITC,1,12th Pass,40,,
34,KUSHMANDI (SC),DAKHSIN DINAJPUR,5,Rekha Roy Winner,AITC,1,10th Pass,34,"Rs 16,73,447 ~ 16 Lacs+","Rs 3,38,041 ~ 3 Lacs+"
35,KUMARGANJ,DAKHSIN DINAJPUR,5,Toraf Hossain Mandal Winner,AITC,1,Graduate,61,"Rs 85,37,020 ~ 85 Lacs+",Rs 0 ~
36,BALURGHAT,DAKHSIN DINAJPUR,2,Ashok Kumar Lahiri Winner,BJP,0,Doctorate,69,"Rs 7,43,09,351 ~ 7 Crore+",Rs 0 ~
37,TAPAN (ST),DAKHSIN DINAJPUR,3,Budhrai Tudu Winner,BJP,0,Graduate Professional,48,,
38,GANGARAMPUR (SC),DAKHSIN DINAJPUR,5,Satyendra Nath Ray Winner,BJP,0,10th Pass,64,"Rs 56,14,670 ~ 56 Lacs+",Rs 0 ~
39,HARIRAMPUR,DAKHSIN DINAJPUR,2,Biplab Mitra Winner,AITC,0,Graduate Professional,69,"Rs 2,28,06,282 ~ 2 Crore+","Rs 9,08,427 ~ 9 Lacs+"
4,COOCHBEHAR UTTAR (SC),COOCHBEHAR,7,Sukumar Roy Winner,BJP,3,8th Pass,52,"Rs 49,26,194 ~ 49 Lacs+",Rs 0 ~
40,HABIBPUR (ST),MALDA,3,Joyel Murmu Winner,BJP,0,8th Pass,37,,
41,GAZOLE (SC),MALDA,4,Chinmoy Deb Barman Winner,BJP,1,Post Graduate,37,"Rs 49,07,302 ~ 49 Lacs+","Rs 1,06,402 ~ 1 Lacs+"
42,CHANCHAL,MALDA,5,Nihar Ranjan Ghosh Winner,AITC,2,12th Pass,66,"Rs 99,30,903 ~ 99 Lacs+",Rs 0 ~
43,HARISCHANDRAPUR,MALDA,8,Tajmul Hossain Winner,AITC,0,12th Pass,63,"Rs 68,79,744 ~ 68 Lacs+",Rs 0 ~
44,MALATIPUR,MALDA,1,Abdur Rahim Boxi Winner,AITC,1,12th Pass,57,"Rs 4,34,03,756 ~ 4 Crore+","Rs 10,77,799 ~ 10 Lacs+"
45,RATUA,MALDA,8,Samar Mukherjee Winner,AITC,0,12th Pass,78,"Rs 65,21,823 ~ 65 Lacs+","Rs 11,91,000 ~ 11 Lacs+"
46,MANIKCHAK,MALDA,7,Sabitri Mitra Winner,AITC,0,10th Pass,60,"Rs 64,71,908 ~ 64 Lacs+",Rs 0 ~
47,MALDAHA (SC),MALDA,2,Gopal Chandra Saha Winner,BJP,0,Graduate,44,"Rs 2,41,45,751 ~ 2 Crore+","Rs 14,53,440 ~ 14 Lacs+"
48,ENGLISH BAZAR,MALDA,9,Sreerupa Mitra Chaudhury(Nirbhoy Didi) Winner,BJP,2,Post Graduate,56,,
49,MOTHABARI,MALDA,10,Yeasmin Sabina Winner,AITC,1,Post Graduate,43,"Rs 1,88,13,766 ~ 1 Crore+","Rs 3,44,315 ~ 3 Lacs+"
5,SITALKUCHI (SC),COOCHBEHAR,1,Baren Chandra Barman Winner,BJP,1,Post Graduate,47,"Rs 60,76,622 ~ 60 Lacs+","Rs 11,43,178 ~ 11 Lacs+"
50,SUJAPUR,MALDA,3,Md Abdul Ghani Winner,AITC,0,Post Graduate,71,,
51,BAISNABNAGAR,MALDA,2,Chandana Sarkar Winner,AITC,0,Graduate,40,"Rs 1,32,59,970 ~ 1 Crore+","Rs 22,76,970 ~ 22 Lacs+"
53,FARAKKA,MURSHIDABAD,5,Manirul Islam Winner,AITC,1,10th Pass,45,"Rs 3,03,64,772 ~ 3 Crore+","Rs 2,55,36,778 ~ 2 Crore+"
54,SAMSERGANJ,MURSHIDABAD,1,Amirul Islam Winner,AITC,3,Graduate,49,"Rs 1,07,27,391 ~ 1 Crore+","Rs 2,87,362 ~ 2 Lacs+"
55,SUTI,MURSHIDABAD,2,Emani Biswas Winner,AITC,1,Graduate,46,"Rs 11,65,28,350 ~ 11 Crore+","Rs 2,57,74,415 ~ 2 Crore+"
56,JANGIPUR,MURSHIDABAD,3,Jakir Hossain Winner,AITC,0,10th Pass,48,,
57,RAGHUNATHGANJ,MURSHIDABAD,2,Akhruzzaman Winner,AITC,1,Graduate Professional,56,"Rs 2,22,69,566 ~ 2 Crore+","Rs 49,777 ~ 49 Thou+"
58,SAGARDIGHI,MURSHIDABAD,8,Subrata Saha Winner,AITC,0,Graduate Professional,71,"Rs 8,02,60,320 ~ 8 Crore+","Rs 21,50,089 ~ 21 Lacs+"
59,LALGOLA,MURSHIDABAD,3,Ali Mohammad Winner,AITC,1,Post Graduate,57,,
6,SITAI (SC),COOCHBEHAR,3,Jagadish Chandra Barma Basunia Winner,AITC,1,Graduate Professional,57,,
60,BHAGAWANGOLA,MURSHIDABAD,3,Idris Ali Winner,AITC,4,Graduate Professional,70,,
61,RANINAGAR,MURSHIDABAD,2,Abdul Soumik Hossain Winner,AITC,2,12th Pass,38,"Rs 10,00,70,941 ~ 10 Crore+","Rs 1,88,69,480 ~ 1 Crore+"
62,MURSHIDABAD,MURSHIDABAD,3,Gouri Sankar Ghosh Winner,BJP,6,Post Graduate,48,,
63,NABAGRAM (SC),MURSHIDABAD,2,Kanai Chandra Mondal Winner,AITC,9,Graduate,67,"Rs 64,18,387 ~ 64 Lacs+","Rs 4,61,000 ~ 4 Lacs+"
64,KHARGRAM (SC),MURSHIDABAD,2,Ashis Marjit Winner,AITC,1,12th Pass,48,"Rs 50,82,686 ~ 50 Lacs+",Rs 0 ~
65,BURWAN (SC),MURSHIDABAD,2,Jiban Krishna Saha Winner,AITC,0,Post Graduate,44,"Rs 3,04,66,250 ~ 3 Crore+",Rs 0 ~
66,KANDI,MURSHIDABAD,1,Apurba Sarkar (David) Winner,AITC,4,12th Pass,57,"Rs 3,15,39,163 ~ 3 Crore+",Rs 0 ~
68,REJINAGAR,MURSHIDABAD,6,Rabiul Alam Chowdhury Winner,AITC,1,Graduate,61,,
69,BELDANGA,MURSHIDABAD,1,Hasanuzzaman Sk Winner,AITC,4,12th Pass,47,"Rs 2,43,88,017 ~ 2 Crore+","Rs 8,49,972 ~ 8 Lacs+"
7,DINHATA,COOCHBEHAR,4,Nisith Pramanik Winner,BJP,13,10th Pass,35,"Rs 60,74,006 ~ 60 Lacs+",Rs 0 ~
70,BAHARAMPUR,MURSHIDABAD,6,Subrata Maitra (Kanchan) Winner,BJP,6,Graduate,54,,
71,HARIHARPARA,MURSHIDABAD,7,Niamot Sheikh Winner,AITC,1,8th Pass,70,"Rs 2,51,84,756 ~ 2 Crore+","Rs 9,93,268 ~ 9 Lacs+"
72,NOWDA,MURSHIDABAD,7,Sahina Momtaz Khan Winner,AITC,0,10th Pass,55,"Rs 3,80,48,254 ~ 3 Crore+","Rs 40,87,115 ~ 40 Lacs+"
73,DOMKAL,MURSHIDABAD,6,Jafikul Islam Winner,AITC,0,Post Graduate,45,,
74,JALANGI,MURSHIDABAD,1,Abdur Razzak Winner,AITC,0,Post Graduate,63,"Rs 87,89,008 ~ 87 Lacs+",Rs 0 ~
75,BHARATPUR,MURSHIDABAD,3,Humayun Kabir Winner,AITC,10,12th Pass,61,,
76,KARIMPUR,NADIA,1,Bimalendu Sinha Roy Winner,AITC,0,Post Graduate,63,"Rs 2,06,58,032 ~ 2 Crore+","Rs 3,91,624 ~ 3 Lacs+"
77,TEHATTA,NADIA,6,Tapas Kumar Saha Winner,AITC,1,Graduate,61,,
78,PALASHIPARA,NADIA,3,Dr. Manik Bhattacharya Winner,AITC,0,Doctorate,66,,
79,KALIGANJ,NADIA,7,Nasiruddin Ahamed (Lal) Winner,AITC,2,Post Graduate,67,"Rs 2,64,44,563 ~ 2 Crore+",Rs 0 ~
8,NATABARI,COOCHBEHAR,5,Mihir Goswami Winner,BJP,0,Graduate Professional,67,"Rs 1,40,05,424 ~ 1 Crore+",Rs 0 ~
80,NAKASHIPARA,NADIA,2,Kallol Khan Winner,AITC,2,12th Pass,67,"Rs 25,08,032 ~ 25 Lacs+","Rs 8,60,432 ~ 8 Lacs+"
81,CHAPRA,NADIA,7,Rukbanur Rahman Winner,AITC,0,Post Graduate,52,"Rs 34,25,904 ~ 34 Lacs+",Rs 0 ~
82,KRISHNANAGAR UTTAR,NADIA,5,Mukul Roy Winner,BJP,19,Post Graduate,67,"Rs 79,16,409 ~ 79 Lacs+",Rs 0 ~
83,NABADWIP,NADIA,1,Pundarikakshya Saha Winner,AITC,0,Graduate,66,"Rs 30,423 ~ 30 Thou+",Rs 0 ~
84,KRISHNANAGAR DAKSHIN,NADIA,7,Ujjal Biswas Winner,AITC,0,Graduate,67,"Rs 7,30,29,661 ~ 7 Crore+","Rs 1,97,71,633 ~ 1 Crore+"
85,SANTIPUR,NADIA,2,Jagannath Sarkar Winner,BJP,4,Graduate,58,"Rs 1,52,50,717 ~ 1 Crore+","Rs 18,99,358 ~ 18 Lacs+"
86,RANAGHAT UTTAR PASCHIM,NADIA,5,Parthasarathi Chatterjee Winner,BJP,0,Graduate Professional,67,"Rs 49,96,464 ~ 49 Lacs+","Rs 23,93,627 ~ 23 Lacs+"
87,KRISHNAGANJ (SC),NADIA,3,Ashis Kumar Biswas Winner,BJP,1,12th Pass,54,,
88,RANAGHAT UTTAR PURBA (SC),NADIA,2,Ashim Biswas Winner,BJP,4,Graduate,45,"Rs 24,86,573 ~ 24 Lacs+","Rs 56,898 ~ 56 Thou+"
89,RANAGHAT DAKSHIN (SC),NADIA,2,Mukut Mani Adhikari Winner,BJP,0,Graduate Professional,31,"Rs 53,18,365 ~ 53 Lacs+","Rs 12,40,000 ~ 12 Lacs+"
9,TUFANGANJ,COOCHBEHAR,4,Malati Rava Roy Winner,BJP,9,Graduate,56,"Rs 71,30,820 ~ 71 Lacs+","Rs 1,05,000 ~ 1 Lacs+"
91,CHAKDAHA,NADIA,3,Bankim Chandra Ghosh Winner,BJP,1,12th Pass,62,,
92,KALYANI (SC),NADIA,2,Ambika Roy Winner,BJP,1,Graduate Professional,48,"Rs 87,58,083 ~ 87 Lacs+",Rs 0 ~
93,HARINGHATA (SC),NADIA,2,Asim Kumar Sarkar Winner,BJP,2,Literate,60,"Rs 1,46,46,099 ~ 1 Crore+","Rs 16,23,358 ~ 16 Lacs+"
94,BAGDA (SC),NORTH 24 PARGANAS,1,Biswajit Das Winner,BJP,6,10th Pass,54,"Rs 49,35,094 ~ 49 Lacs+","Rs 9,87,172 ~ 9 Lacs+"
95,BANGAON UTTAR (SC),NORTH 24 PARGANAS,3,Ashok Kirtania Winner,BJP,0,Graduate,47,,
96,BANGAON DAKSHIN (SC),NORTH 24 PARGANAS,6,Swapan Majumder Winner,BJP,2,8th Pass,39,,
97,GAIGHATA (SC),NORTH 24 PARGANAS,7,Subrata Thakur Winner,BJP,2,Others,41,"Rs 56,14,200 ~ 56 Lacs+",Rs 0 ~
98,SWARUPNAGAR (SC),NORTH 24 PARGANAS,1,Bina Mondal Winner,AITC,0,Graduate,45,"Rs 2,01,11,577 ~ 2 Crore+",Rs 0 ~
99,BADURIA,NORTH 24 PARGANAS,1,Abdur Rahim Quazi Winner,AITC,1,Post Graduate,53,"Rs 43,70,976 ~ 43 Lacs+",Rs 0 ~
